{
  "num_memories": 7,
  "embedding_dim": 1536,
  "numpy_avg_time_ms": 0.018143653869628906,
  "top_k": 5,
  "query_index": 0,
  "top_indices": [
    0,
    4,
    3,
    2,
    6
  ],
  "top_scores": [
    1.0,
    0.3728155493736267,
    0.26442453265190125,
    0.2519012987613678,
    0.2472900003194809
  ]
}